[
  {
    "Id": -1,
    "Nombre": "Root Administrator",
    "Usuario": "root",
    "Email": "root@edd.com",
    "Clave": "root123",
    "Telefono": "N/A",
    "Inbox": [],
    "Contactos": [],
    "Papelera": [],
    "Programados": []
  },
  {
    "Id": 1,
    "Nombre": "Carlos Pérez",
    "Usuario": "cperez",
    "Email": "carlos.perez@example.com",
    "Clave": "carl123",
    "Telefono": "555-1001",
    "Inbox": [],
    "Contactos": [],
    "Papelera": [],
    "Programados": []
  },
  {
    "Id": 2,
    "Nombre": "María López",
    "Usuario": "mlopez",
    "Email": "maria.lopez@example.com",
    "Clave": "mari321",
    "Telefono": "555-1002",
    "Inbox": [],
    "Contactos": [],
    "Papelera": [],
    "Programados": []
  },
  {
    "Id": 3,
    "Nombre": "José Martínez",
    "Usuario": "jmartinez",
    "Email": "jose.martinez@example.com",
    "Clave": "josepass",
    "Telefono": "555-1003",
    "Inbox": [],
    "Contactos": [],
    "Papelera": [],
    "Programados": []
  },
  {
    "Id": 4,
    "Nombre": "Ana Gómez",
    "Usuario": "agomez",
    "Email": "ana.gomez@example.com",
    "Clave": "anita456",
    "Telefono": "555-1004",
    "Inbox": [],
    "Contactos": [],
    "Papelera": [],
    "Programados": []
  },
  {
    "Id": 5,
    "Nombre": "Luis Hernández",
    "Usuario": "lhernandez",
    "Email": "luis.hernandez@example.com",
    "Clave": "luis987",
    "Telefono": "555-1005",
    "Inbox": [],
    "Contactos": [],
    "Papelera": [],
    "Programados": []
  },
  {
    "Id": 6,
    "Nombre": "Laura Torres",
    "Usuario": "ltorres",
    "Email": "laura.torres@example.com",
    "Clave": "laura654",
    "Telefono": "555-1006",
    "Inbox": [],
    "Contactos": [],
    "Papelera": [],
    "Programados": []
  },
  {
    "Id": 7,
    "Nombre": "Fernando Díaz",
    "Usuario": "fdiaz",
    "Email": "fernando.diaz@example.com",
    "Clave": "fer1234",
    "Telefono": "555-1007",
    "Inbox": [],
    "Contactos": [],
    "Papelera": [],
    "Programados": []
  },
  {
    "Id": 8,
    "Nombre": "Elena Castillo",
    "Usuario": "ecastillo",
    "Email": "elena.castillo@example.com",
    "Clave": "elena555",
    "Telefono": "555-1008",
    "Inbox": [],
    "Contactos": [],
    "Papelera": [],
    "Programados": []
  },
  {
    "Id": 9,
    "Nombre": "Ricardo Morales",
    "Usuario": "rmorales",
    "Email": "ricardo.morales@example.com",
    "Clave": "ric789",
    "Telefono": "555-1009",
    "Inbox": [],
    "Contactos": [],
    "Papelera": [],
    "Programados": []
  }
]

